Country Name,Country Code,Series Name,Series Code,2003 [YR2003],2004 [YR2004],2005 [YR2005],2006 [YR2006],2007 [YR2007],2008 [YR2008],2009 [YR2009],2010 [YR2010],2011 [YR2011],2012 [YR2012],2013 [YR2013],2014 [YR2014],2015 [YR2015],2016 [YR2016],2017 [YR2017]
Canada,CAN,Compensation of employees (% of expense),GC.XPN.COMP.ZS,10.8672599217045,10.9077506775068,10.6961453305496,11.1461668864193,11.1249369429965,11.298692581877,11.8263564007534,11.2099006164297,11.8152680192627,11.5280194700716,11.9871875740391,11.5909340961602,10.7714847197543,10.5342503407606,10.4526970619126
Canada,CAN,Compensation of employees (current LCU),GC.XPN.COMP.CN,24595000000,25156000000,27102000000,28404000000,29772000000,31984000000,35037000000,35643000000,37416000000,36899000000,38958000000,37926000000,36614000000,37174000000,38814000000
Canada,CAN,Expense (% of GDP),GC.XPN.TOTL.GD.ZS,18.1011984979785,17.3248806696024,17.8811569002165,17.0775234267096,17.0072804366228,17.1258431275988,18.9019149974639,19.1296594552415,17.8920314002538,17.5597759061843,17.1273527929964,16.4409249414626,17.0391561327799,17.3365738052357,17.3096949768182
Canada,CAN,Expense (current LCU),GC.XPN.TOTL.CN,226322000000,230625000000,253381000000,254832000000,267615000000,283077000000,296262000000,317960000000,316675000000,320081000000,324997000000,327204000000,339916000000,352887000000,371330000000
Canada,CAN,Goods and services expense (% of expense),GC.XPN.GSRV.ZS,7.98817613842225,8.1079674796748,7.48911717926759,7.99036227789289,7.51340545186182,7.52056860854114,7.11093559079463,7.34903761479431,7.78147943475172,7.58807926743543,6.90344833952313,7.12521851811103,7.19207098224267,7.17708501588327,7.57439474322032
Canada,CAN,Goods and services expense (current LCU),GC.XPN.GSRV.CN,18079000000,18699000000,18976000000,20362000000,20107000000,21289000000,21067000000,23367000000,24642000000,24288000000,22436000000,23314000000,24447000000,25327000000,28126000000
Canada,CAN,Interest payments (% of expense),GC.XPN.INTP.ZS,15.6975459743198,14.6592953929539,12.8135100895489,12.7648803917875,11.9320665881957,10.8256764060662,9.35084486029258,8.89420052836835,9.11660219467909,8.53971338504941,8.39700058769773,7.70589601594113,7.00526012308923,6.32610439035725,5.86405623030727
Canada,CAN,Interest payments (% of revenue),GC.XPN.INTP.RV.ZS,14.8024849275229,13.4882384858447,12.2766219721548,11.693549836616,10.7875827260842,10.4609366199347,9.95737125111424,10.0201252869979,9.58782641617211,8.76952642504002,8.43684884159499,7.42400508791972,6.71068687876405,6.27149117878413,5.82441949729442
Canada,CAN,Interest payments (current LCU),GC.XPN.INTP.CN,35527000000,33808000000,32467000000,32529000000,31932000000,30645000000,27703000000,28280000000,28870000000,27334000000,27290000000,25214000000,23812000000,22324000000,21775000000
Canada,CAN,Other expense (% of expense),GC.XPN.OTHR.ZS,4.87358718993293,5.03371273712737,4.84487787166362,4.67641426508445,4.91527007081068,5.33777028864938,5.4596944596337,5.1566234746509,5.15196968500829,5.11089380500561,4.80804438194814,4.6261659392917,4.6276138810765,4.6329278210872,4.66781568954838
Canada,CAN,Other expense (current LCU),GC.XPN.OTHR.CN,11030000000,11609000000,12276000000,11917000000,13154000000,15110000000,16175000000,16396000000,16315000000,16359000000,15626000000,15137000000,15730000000,16349000000,17333000000
Canada,CAN,Subsidies and other transfers (% of expense),GC.XPN.TRFT.ZS,60.5734307756206,61.2912737127371,64.1563495289702,63.4221761788158,64.5143209461353,65.0172921148663,66.2521686885257,67.3902377657567,66.1346806662983,67.2332940724379,67.9043191167918,68.951785430496,70.4035702938373,71.3296324319116,71.4410362750115
Canada,CAN,Subsidies and other transfers (current LCU),GC.XPN.TRFT.CN,137091000000,141353000000,162560000000,161620000000,172650000000,184049000000,196280000000,214274000000,209432000000,215201000000,220687000000,225613000000,239313000000,251713000000,265282000000
India,IND,Compensation of employees (% of expense),GC.XPN.COMP.ZS,9.00165283936654,8.87675937312709,8.43218939721086,7.63520957639078,7.06914751997174,8.58899322076719,10.6340063009153,8.88134086724653,8.8406484026922,8.62654109802068,8.1283070552295,..,..,..,..
India,IND,Compensation of employees (current LCU),GC.XPN.COMP.CN,391580000000,428040000000,464730000000,493430000000,528370000000,815920000000,1140880000000,1119120000000,1119120000000,1386820000000,1519270000000,..,..,..,..
India,IND,Expense (% of GDP),GC.XPN.TOTL.GD.ZS,15.7881998636391,15.3380848476169,15.3893439120393,15.5186372339523,15.4563293281995,17.4010109835555,17.0803238877734,16.6944186227764,14.4898394030446,16.1667124043572,16.6386825486976,..,..,..,..
India,IND,Expense (current LCU),GC.XPN.TOTL.CN,4350090000000,4822030000000,5511380000000,6462560000000,7474310000000,9499600000000,10728600000000,12600800000000,12658800000000,16076200000000,18691100000000,..,..,..,..
India,IND,Goods and services expense (% of expense),GC.XPN.GSRV.ZS,11.0370130273167,13.0418101919731,12.6705108339472,11.1822559481073,10.5105354206609,9.76388479514927,8.99809854035009,9.39226080883753,9.34922741492085,9.42026100695438,8.74170059547057,..,..,..,..
India,IND,Goods and services expense (current LCU),GC.XPN.GSRV.CN,480120000000,628880000000,698320000000,722660000000,785590000000,927530000000,965370000000,1183500000000,1183500000000,1514420000000,1633920000000,..,..,..,..
India,IND,Interest payments (% of expense),GC.XPN.INTP.ZS,27.6162102393284,25.6445936669826,23.3823470709695,22.5783590403803,22.2020494199465,19.7338835319382,19.3722386891113,18.2806647197003,18.1969064998262,19.457832074744,19.4875635997881,..,..,..,..
India,IND,Interest payments (% of revenue),GC.XPN.INTP.RV.ZS,36.0585422663517,31.906730243263,28.5709534884237,25.6389801620073,23.3702640165956,26.5385023747673,28.4629068902757,22.8257875283649,22.8683894409753,24.9086652545747,25.6891578331182,..,..,..,..
India,IND,Interest payments (current LCU),GC.XPN.INTP.CN,1201330000000,1236590000000,1288690000000,1459140000000,1659450000000,1874640000000,2078370000000,2303510000000,2303510000000,3128080000000,3642440000000,..,..,..,..
India,IND,Other expense (% of expense),GC.XPN.OTHR.ZS,3.01533991250756,5.66960388052335,6.3044101477307,4.67601074496794,0.515766672776484,0.540128005389701,0.872807262830192,0.711304044187671,0.708044996366164,0.671676142371954,0.53282043325433,..,..,..,..
India,IND,Other expense (current LCU),GC.XPN.OTHR.CN,131170000000,273390000000,347460000000,302190000000,38550000000,51310000000,93640000000,89630000000,89630000000,107980000000,99590000000,..,..,..,..
India,IND,Subsidies and other transfers (% of expense),GC.XPN.TRFT.ZS,49.3297839814808,46.7672328873939,49.2105425501417,53.9281646901537,59.7025009666444,61.3731104467557,60.1228492067931,62.7341121198654,62.9050146933359,61.8234408628905,63.1096083162575,..,..,..,..
India,IND,Subsidies and other transfers (current LCU),GC.XPN.TRFT.CN,2145890000000,2255130000000,2712180000000,3485140000000,4462350000000,5830200000000,6450340000000,7905000000000,7963020000000,9938860000000,11795880000000,..,..,..,..
Brazil,BRA,Compensation of employees (% of expense),GC.XPN.COMP.ZS,17.8816104756212,18.8236559567186,16.749262984464,15.7301058803005,15.9568020578806,15.4071266896388,17.2759946458577,13.6103893890353,12.7469673982704,12.3427892005262,12.3273641069746,11.9715331598483,11.0090767254838,11.2282138025397,..
Brazil,BRA,Compensation of employees (current LCU),GC.XPN.COMP.CN,75842059536.88,83656030761.51,92230788379.56,105496000000,116372000000,130829000000,151653000000,162710598269.423,175125555584.165,182388959431.49,200713348145.938,219606972583.634,241691788398.828,255009026684.561,..
Brazil,BRA,Expense (% of GDP),GC.XPN.TOTL.GD.ZS,24.6883956034234,22.7005184708353,25.3690101344272,27.8346932578313,26.8096878414617,27.3054586639263,26.3370727981354,30.7651895133998,31.3926102326339,30.6909682483879,30.5384453965465,31.7429430379299,36.6154858083846,36.2847489839884,..
Brazil,BRA,Expense (current LCU),GC.XPN.TOTL.CN,424134390133.812,444419675720.068,550655801781.306,670663000000,729294000000,849146000000,877825000000,1195488193750.76,1373860543551.15,1477696462836.08,1628193557066.9,1834409758978.74,2195386538085.97,2271145091901.26,..
Brazil,BRA,Goods and services expense (% of expense),GC.XPN.GSRV.ZS,11.4600120646342,13.1675758182431,12.111961405095,6.41274380724745,7.11220714828313,5.87140491741114,6.30196223620881,3.78549523793354,3.51959220632972,3.52872617086757,3.64751959874961,3.50803714774756,3.19883697510067,3.43083857477189,..
Brazil,BRA,Goods and services expense (current LCU),GC.XPN.GSRV.CN,48605852279.5976,58519297751.63,66695218186.668,43007900000,51868900000,49856800000,55320200000,45255148644.4927,48354288616.6654,52143861810.0811,59388679099.5936,64351775786.8807,70226836326.6766,77919321901.987,..
Brazil,BRA,Interest payments (% of expense),GC.XPN.INTP.ZS,26.6482632430998,19.2822970123295,23.6370975193121,29.0396219860049,26.3165472360941,27.6117416792872,24.4737846381682,24.2636125309153,25.6138583457269,23.591002870518,23.5879662472171,24.3753595302185,33.1836022969511,28.1220670993225,..
Brazil,BRA,Interest payments (% of revenue),GC.XPN.INTP.RV.ZS,31.7857276790131,20.4892109031274,26.7406557499226,31.4582458407366,27.3760109546836,27.8988964857462,26.8781770025985,25.9571716415922,27.8558793771998,24.8669650353079,25.5508353671004,28.7936614901792,41.9137113782343,34.5666996372557,..
Brazil,BRA,Interest payments (current LCU),GC.XPN.INTP.CN,113024448787.374,85694321853.5753,130159048862.797,194758000000,191925000000,234464000000,214837000000,290068623184.522,351898693493.025,348603414965.202,384057746680.304,447143974008.483,728508337679.252,638692946667.442,..
Brazil,BRA,Other expense (% of expense),GC.XPN.OTHR.ZS,0.123772725605763,0.139970881339156,0.316694313534645,0.324726427430766,0.139783132728365,1.87378848866979,0.198760573007148,2.04187736396663,2.46424827722877,2.68488710860353,2.79945295405683,2.8605317342963,2.16138153403821,2.06890977871034,..
Brazil,BRA,Other expense (current LCU),GC.XPN.OTHR.CN,524962694.9,622058136.95,1743895611.39,2177820000,1019430000,15911200000,1744770000,24410402817.0903,33855334775.985,39674481834.9762,45580512631.0723,52473873292.6151,47450679234.9509,46987942895.0451,..
Brazil,BRA,Subsidies and other transfers (% of expense),GC.XPN.TRFT.ZS,43.8863414910392,48.5865003313696,47.1849837775943,48.4925722754946,50.4747468099285,49.2360701222169,51.7494512004101,56.2986254781497,55.6553337724444,57.8525946494847,57.6376970930017,57.2845384278895,50.447102468426,55.1499707446554,..
Brazil,BRA,Subsidies and other transfers (current LCU),GC.XPN.TRFT.CN,186137066835.061,215927967216.403,259826850740.891,325221740000,368109300000,418086120000,454269620000,673043420835.238,764626671081.312,854885744794.331,938453270509.989,1050833163307.13,1107508896446.26,1252535853752.22,..
Italy,ITA,Compensation of employees (% of expense),GC.XPN.COMP.ZS,15.6649460555861,15.5053342826005,15.6100383192031,15.2235177210776,15.3180143320155,14.8418724650902,14.3529923952536,14.5786031668788,14.3166543721229,13.8722838057871,13.8188225082613,13.6853677398538,13.3857774374976,13.5618777967657,..
Italy,ITA,Compensation of employees (current LCU),GC.XPN.COMP.CN,84057943884.8143,85074978248.4582,88982057531.3365,91187348797.4828,94245155438.7286,94978336559.4748,97006421462.4089,97151374145.9854,95909128803.9199,94409075945.8265,94088907753.1244,94101272847.6214,93704323937.94,96434580068.2401,..
Italy,ITA,Expense (% of GDP),GC.XPN.TOTL.GD.ZS,38.584547054252,37.8829142727854,38.264163431451,38.6826147610931,38.2253856169063,39.2080805278532,42.9697580543898,41.5326256010775,40.9116444714564,42.1851958605685,42.4327173061483,42.3969335327463,42.3586805043112,42.3017819526968,..
Italy,ITA,Expense (current LCU),GC.XPN.TOTL.CN,536599000000,548682000000,570031000000,598990000000,615257000000,639935000000,675862000000,666397000000,669913000000,680559000000,680875000000,687605000000,700029000000,711071000000,..
Italy,ITA,Goods and services expense (% of expense),GC.XPN.GSRV.ZS,4.07799492539574,4.0681033390191,4.02361169382979,3.57764893171662,3.49167592780126,3.4943931341207,3.35159143890555,3.41674865642692,3.25485158763623,3.06088390850092,3.27191908099938,3.08709373770615,3.22558966061523,3.26839225433851,..
Italy,ITA,Goods and services expense (current LCU),GC.XPN.GSRV.CN,21882479989.7243,22320950762.5968,22935833974.4549,21429759336.0894,21482780563.1122,22361844702.8353,22652132930.8158,22769110543.9693,21804673916.2815,20831120918.8548,22277679042.7545,21227010895.1544,22580063045.3082,23240589486.8474,..
Italy,ITA,Interest payments (% of expense),GC.XPN.INTP.ZS,12.5682306526848,11.7809587338385,11.4053446216083,11.0128716673066,11.7206305657636,11.8180752732699,9.76708262929415,9.90940835567987,10.8864882454886,11.8258666772462,11.0090692124105,10.4722915045702,9.47789305871614,9.11638922132952,..
Italy,ITA,Interest payments (% of revenue),GC.XPN.INTP.RV.ZS,13.6934094337745,12.757030280185,12.5696984695337,11.8669923976124,12.2174651877127,12.6185681225483,10.9672885317969,10.9153119498831,11.9111392752383,12.8355328734899,11.9240821663721,11.4113114735913,10.3177046885934,9.8187832851664,..
Italy,ITA,Interest payments (current LCU),GC.XPN.INTP.CN,67441000000,64640000000,65014000000,65966000000,72112000000,75628000000,66012000000,66036000000,72930000000,80482000000,74958000000,72008000000,66348000000,64824000000,..
Italy,ITA,Other expense (% of expense),GC.XPN.OTHR.ZS,3.16149976527375,3.24870708150533,3.22142278125377,3.18283975799725,3.16665458469537,3.1665432798159,3.14582645669904,3.2169285441029,3.19745956262957,2.96738462577364,3.10195163636807,3.08443310581281,3.03039060049681,2.98069116092662,..
Italy,ITA,Other expense (current LCU),GC.XPN.OTHR.CN,16964576125.4613,17825070988.9451,18363108494.2087,19064891866.4277,19483063998.1592,20263818737.6899,21261445606.7753,21437515310.0454,21420197279.7986,20194803135.3188,21120413204.1211,21208716257.2242,21213613016.7518,21194830444.9125,..
Italy,ITA,Subsidies and other transfers (% of expense),GC.XPN.TRFT.ZS,43.2891227900164,44.2261637888613,43.779899689666,43.3200888161739,44.3936436318482,44.5157711330057,44.5095300519929,46.3687561618675,47.1483610558386,47.7382563451516,49.1558656140995,50.0207241075908,49.7683667390922,49.9616775258729,..
Italy,ITA,Subsidies and other transfers (current LCU),GC.XPN.TRFT.CN,232289000000,242661000000,249559000000,259483000000,273135000000,284872000000,300823000000,309000000000,315853000000,324887000000,334690000000,343945000000,348393000000,355263000000,..
France,FRA,Compensation of employees (% of expense),GC.XPN.COMP.ZS,21.9899000265228,21.7568571705489,21.5675717348162,21.2365194533965,20.8341324214102,20.2797335045004,19.9543655174842,19.2554123552832,19.5544191437735,19.3310186075928,19.2753953017014,19.1646344023235,19.0065620879901,18.9732130403004,..
France,FRA,Compensation of employees (current LCU),GC.XPN.COMP.CN,164990000000,168360000000,173449000000,176931000000,180334000000,182300000000,187062000000,190985000000,193332000000,195922000000,198190000000,200863000000,202257000000,204033000000,..
France,FRA,Expense (% of GDP),GC.XPN.TOTL.GD.ZS,46.0118135780105,45.4117589064441,45.5410681775067,45.0799204177581,44.5857543165616,45.1182505345366,48.4113999944227,49.7096410595157,48.0325442134039,48.5211154325633,48.5644881019125,48.7537940193463,48.4046356676031,48.2540357754397,..
France,FRA,Expense (current LCU),GC.XPN.TOTL.CN,750299000000,773825000000,804212000000,833145000000,865570000000,898927000000,937449000000,991851000000,988687000000,1013511000000,1028202000000,1048092000000,1064143000000,1075374000000,..
France,FRA,Goods and services expense (% of expense),GC.XPN.GSRV.ZS,5.74970778316378,5.98727102381029,6.03771144921986,5.87904866499829,5.84655198308629,5.76008952896064,5.85621191126131,5.67161801520591,5.72678714294817,5.72425952949697,5.72844635587171,5.55208893875728,5.69049460457852,5.68602179334817,..
France,FRA,Goods and services expense (current LCU),GC.XPN.GSRV.CN,43140000000,46331000000,48556000000,48981000000,50606000000,51779000000,54899000000,56254000000,56620000000,58016000000,58900000000,58191000000,60555000000,61146000000,..
France,FRA,Interest payments (% of expense),GC.XPN.INTP.ZS,5.49620884474056,5.47992117080735,5.39907387604264,5.1783303026484,5.34768996152824,5.58454690981581,4.55918135279893,4.54070218208178,5.08967954468907,4.99037504279677,4.40166426441497,4.21308434755728,3.9531341182529,3.73795535320735,..
France,FRA,Interest payments (% of revenue),GC.XPN.INTP.RV.ZS,5.97208162626916,5.88738374135219,5.75746003458189,5.43078869356696,5.61481141836823,5.93534153544936,5.2825366063472,5.21349672514105,5.68278450907342,5.51079266811143,4.76722163820182,4.56285669114615,4.27454558756584,4.03615945827083,..
France,FRA,Interest payments (current LCU),GC.XPN.INTP.CN,41238000000,42405000000,43420000000,43143000000,46288000000,50201000000,42740000000,45037000000,50321000000,50578000000,45258000000,44157000000,42067000000,40197000000,..
France,FRA,Other expense (% of expense),GC.XPN.OTHR.ZS,3.41663790035706,3.42299615546151,3.42359974733031,3.41009068049379,3.40122693716279,3.37168646619803,3.29500591498844,3.22215736032932,3.35444888018149,3.36049633403091,3.34982814660932,3.31259087942662,3.27813085271434,3.28276487993944,..
France,FRA,Other expense (current LCU),GC.XPN.OTHR.CN,25635000000,26488000000,27533000000,28411000000,29440000000,30309000000,30889000000,31959000000,33165000000,34059000000,34443000000,34719000000,34884000000,35302000000,..
France,FRA,Subsidies and other transfers (% of expense),GC.XPN.TRFT.ZS,49.9730107597105,49.7436758957129,49.8210670818142,50.4033511573616,50.7120163591622,50.6882093874141,51.6431293862386,50.4420522840628,51.7714908762834,52.2700789631292,52.8780336937683,53.9634879380818,54.7052416827438,55.2141859483305,..
France,FRA,Subsidies and other transfers (current LCU),GC.XPN.TRFT.CN,374947000000,384929000000,400667000000,419933000000,438948000000,455650000000,484128000000,500310000000,511858000000,529763000000,543693000000,565587000000,582142000000,593759000000,..
United States,USA,Compensation of employees (% of expense),GC.XPN.COMP.ZS,10.8136539958699,10.9467237574151,10.8151038429896,10.7031580397957,10.595574426931,10.1220213935309,9.88605017422393,10.0573987749696,10.1801302872342,10.2787415321188,10.1017425521408,9.88170340677344,9.75566429196472,9.69265871937984,..
United States,USA,Compensation of employees (current LCU),GC.XPN.COMP.CN,255853000000,273297000000,292366000000,304460000000,319909000000,340903000000,366023000000,394700000000,402932000000,400601000000,390904000000,394227000000,400902000000,410361000000,..
United States,USA,Expense (% of GDP),GC.XPN.TOTL.GD.ZS,20.5549981017612,20.3391009706941,20.645857412932,20.5297632313425,20.8547183293404,22.8821906892933,25.6778279986898,26.22545069048,25.5061404468613,24.1244969516111,23.183447016829,22.891631319018,22.6780688663813,22.7320770115668,..
United States,USA,Expense (current LCU),GC.XPN.TOTL.CN,2366018000000,2496610000000,2703312000000,2844581000000,3019270000000,3367934000000,3702419000000,3924474000000,3958024000000,3897374000000,3869669000000,3989464000000,4109428000000,4233730000000,..
United States,USA,Goods and services expense (% of expense),GC.XPN.GSRV.ZS,9.03251792674443,9.69811063802516,9.56027273211527,9.66458680557875,9.2855889006283,9.7750430976379,9.44433895785431,9.76671013746046,9.36906901019297,9.26821495704544,8.26522888650166,7.76166923676965,7.47600395967517,7.16540733584806,..
United States,USA,Goods and services expense (current LCU),GC.XPN.GSRV.CN,213711000000,242124000000,258444000000,274917000000,280357000000,329217000000,349669000000,383292000000,370830000000,361217000000,319837000000,309649000000,307221000000,303364000000,..
United States,USA,Interest payments (% of expense),GC.XPN.INTP.ZS,12.3668966170164,12.2595839958984,12.7410006688092,13.0896606565255,13.5203542578173,11.5193468755623,9.55094493627004,9.69747792952635,10.7546341305662,10.8503315309231,10.7553643477,11.0433381526942,10.6691490883889,11.2221846929303,..
United States,USA,Interest payments (% of revenue),GC.XPN.INTP.RV.ZS,15.216004201779,14.869589761702,14.732157369308,14.4625943613338,15.1122154631664,14.8264098147712,15.5868542117645,15.4124810419295,16.3909561349364,15.5336218106482,13.1380789856143,13.2685541260454,12.6299497124967,13.6418973589474,..
United States,USA,Interest payments (current LCU),GC.XPN.INTP.CN,292603000000,306074000000,344429000000,372346000000,408216000000,387964000000,353616000000,380575000000,425671000000,422878000000,416197000000,440570000000,438441000000,475117000000,..
United States,USA,Other expense (% of expense),GC.XPN.OTHR.ZS,7.55780387131459,7.53986405565947,7.977658516664,7.37268511601533,7.61230363630944,9.07969099156931,9.97329043525328,7.7880245862248,7.61336970164911,7.35264308737114,6.9915282159792,6.83390049390094,6.54840527684145,6.32541517763296,..
United States,USA,Other expense (current LCU),GC.XPN.OTHR.CN,178819000000,188241000000,215661000000,209722000000,229836000000,305798000000,369253000000,305639000000,301339000000,286560000000,270549000000,272636000000,269102000000,267801000000,..
United States,USA,Subsidies and other transfers (% of expense),GC.XPN.TRFT.ZS,60.2290853239493,59.5557976616292,58.9059642394219,59.1699093820847,58.986178778314,59.5038976416996,61.1453754963984,62.6904140529406,62.0828221354898,62.2500432342393,63.8861876816854,64.4793887098618,65.5507773831297,65.5943813138769,..
United States,USA,Subsidies and other transfers (current LCU),GC.XPN.TRFT.CN,1425031000000,1486876000000,1592412000000,1683136000000,1780952000000,2004052000000,2263858000000,2460269000000,2457253000000,2426117000000,2472184000000,2572382000000,2693762000000,2777089000000,..
United Kingdom,GBR,Compensation of employees (% of expense),GC.XPN.COMP.ZS,14.8554476127022,15.3933831755185,15.3518849962294,15.4837316575113,15.0176525851387,13.8507856826206,13.9027593239193,13.7779135194822,14.0635691102079,14.0487241896767,14.2282510471665,14.7098029325936,15.0524059896497,15.744891786301,..
United Kingdom,GBR,Compensation of employees (current LCU),GC.XPN.COMP.CN,65998000000,72928000000,77969000000,83180000000,85201000000,86858000000,89987000000,93832000000,96192000000,100547000000,100139000000,106158000000,109218000000,115300000000,..
United Kingdom,GBR,Expense (% of GDP),GC.XPN.TOTL.GD.ZS,35.5836564500123,36.1625261145982,36.6333041447331,36.7087708029397,36.9225512750844,39.8798830118534,42.3174086781874,43.1066469098544,41.8320528518185,42.4692251776469,40.1587625830645,39.2845750442827,38.4164126609475,37.2992867660804,..
United Kingdom,GBR,Expense (current LCU),GC.XPN.TOTL.CN,444268000000,473762000000,507879000000,537209000000,567339000000,627098000000,647260000000,681032000000,683980000000,715702000000,703804000000,721682000000,725585000000,732301000000,..
United Kingdom,GBR,Goods and services expense (% of expense),GC.XPN.GSRV.ZS,11.5349293669587,12.17847780109,12.378342085418,12.5766694154417,12.7805421449962,13.1575925931832,13.7944566325742,13.2883623677008,13.1414661247405,13.0009417327323,13.9720717699814,13.9208127679504,14.2203876871766,13.8366600619144,..
United Kingdom,GBR,Goods and services expense (current LCU),GC.XPN.GSRV.CN,51246000000,57697000000,62867000000,67563000000,72509000000,82511000000,89286000000,90498000000,89885000000,93048000000,98336000000,100464000000,103181000000,101326000000,..
United Kingdom,GBR,Interest payments (% of expense),GC.XPN.INTP.ZS,5.02692068751294,5.04008341741212,5.26326152489077,5.28472158880436,5.76886129809514,5.3816149947855,4.33349813058122,6.63125961775658,7.52463522325214,6.72277009146265,7.00820114691022,6.72817113354635,5.97324917135828,6.47343100719513,..
United Kingdom,GBR,Interest payments (% of revenue),GC.XPN.INTP.RV.ZS,5.46418540013114,5.3559972903741,5.49194524285488,5.58504255176837,6.07229461083621,5.95943810204929,5.41807596394002,8.20466143803674,8.90737657536665,8.06329979420696,7.9255839662949,7.65731029012179,6.56354635340868,6.81734183349896,..
United Kingdom,GBR,Interest payments (current LCU),GC.XPN.INTP.CN,22333000000,23878000000,26731000000,28390000000,32729000000,33748000000,28049000000,45161000000,51467000000,48115000000,49324000000,48556000000,43341000000,47405000000,..
United Kingdom,GBR,Other expense (% of expense),GC.XPN.OTHR.ZS,9.65880954739031,8.87196524837366,9.25338515670071,8.94903101027719,8.92165001877185,12.4583398448089,10.3950499026666,8.7401179386578,7.67186175034358,8.60735333979785,7.00265983143034,6.76198103874005,6.87390174824452,6.70366420365396,..
United Kingdom,GBR,Other expense (current LCU),GC.XPN.OTHR.CN,42911000000,42032000000,46996000000,48075000000,50616000000,78126000000,67283000000,59523000000,52474000000,61603000000,49285000000,48800000000,49876000000,49091000000,..
United Kingdom,GBR,Subsidies and other transfers (% of expense),GC.XPN.TRFT.ZS,58.9238927854358,58.5160903576057,57.7531262367611,57.7058463279655,57.5112939529981,55.1516668846018,57.5742360102586,57.5623465564026,57.5984677914559,57.6202106463305,57.7888162045115,57.8792321271696,57.8800554035709,57.2413529409355,..
United Kingdom,GBR,Subsidies and other transfers (current LCU),GC.XPN.TRFT.CN,261780000000,277227000000,293316000000,310001000000,326284000000,345855000000,372655000000,392018000000,393962000000,412389000000,406720000000,417704000000,419969000000,419179000000,..
Germany,DEU,Compensation of employees (% of expense),GC.XPN.COMP.ZS,5.58347852370055,5.6196681616843,5.57593149875733,5.62559452993721,5.62940076285045,5.69233330678171,5.66191839855629,5.51312221944923,5.75644449232743,5.82095434450697,5.7777047997979,5.76822736963692,5.75703914000532,5.75386837364471,..
Germany,DEU,Compensation of employees (current LCU),GC.XPN.COMP.CN,38993283131.1823,38638084642.342,38903775900.6648,39169045753.8673,39398937471.0225,40984344422.1638,42980811566.3045,44261274770.5152,44694128762.8837,45444539824.8266,46558074148.8754,47615909384.521,48903571967.515,50395486305.3021,..
Germany,DEU,Expense (% of GDP),GC.XPN.TOTL.GD.ZS,31.4569294800187,30.280319912623,30.3238354354459,29.0928653504648,27.8477497085424,28.105584485545,30.8550652771229,31.1169120097982,28.7230681582764,28.3042932863472,28.5121928781703,28.1498531954291,27.9091551262465,27.8575086274073,..
Germany,DEU,Expense (current LCU),GC.XPN.TOTL.CN,698369000000,687551000000,697709000000,696265000000,699878000000,719992000000,759121000000,802835000000,776419000000,780706000000,805823000000,825486000000,849457000000,875854000000,..
Germany,DEU,Goods and services expense (% of expense),GC.XPN.GSRV.ZS,3.12696839614333,3.12545318958726,3.4375917119599,3.51647799388829,3.60188675430887,3.85517009547081,3.96927151524025,3.86059236199843,4.28108867910083,4.62095819866774,4.74595824001268,4.62641302444253,4.52094542028233,4.83247928749148,..
Germany,DEU,Goods and services expense (current LCU),GC.XPN.GSRV.CN,21837777918.4622,21489084659.5391,23984386757.5983,24484005504.1463,25208812978.3218,27756916273.7822,30131573619.2069,30994186689.4501,33239185911.3879,36076097914.491,38244023068.4174,38190391818.9497,38403487338.7677,42325463138.6656,..
Germany,DEU,Interest payments (% of expense),GC.XPN.INTP.ZS,5.76013540119908,5.69426849790052,5.52121299854237,5.57646872957854,5.79058064405511,5.77548083867599,5.19666825183337,4.64640928708888,5.30821631103824,4.8408747979393,4.07955593225808,3.74094775683658,3.29257396195452,2.80286440434136,..
Germany,DEU,Interest payments (% of revenue),GC.XPN.INTP.RV.ZS,6.17184886971411,6.15786054807491,5.96347176167167,5.81352171217924,5.8505002093228,5.84942818157521,5.57568065309907,5.17227274681057,5.38216028165777,4.80297178557495,4.08167319547309,3.68789125849991,3.24047952006284,2.74744521953037,..
Germany,DEU,Interest payments (current LCU),GC.XPN.INTP.CN,40227000000,39151000000,38522000000,38827000000,40527000000,41583000000,39449000000,37303000000,41214000000,37793000000,32874000000,30881000000,27969000000,24549000000,..
Germany,DEU,Other expense (% of expense),GC.XPN.OTHR.ZS,4.44363065232784,4.32416369085624,4.27453814437495,4.21979400687761,4.40123129326193,5.02710298226286,4.75492244510276,8.09326182092642,4.18249493195406,4.17716301151554,4.28839866604789,4.35291437971441,4.01750067322033,4.15435113112828,..
Germany,DEU,Other expense (current LCU),GC.XPN.OTHR.CN,31032938950.3554,29730830698.119,29823837341.737,29380948741.9864,30803249550.6557,36194739304.054,36095614814.4885,64975538540.0346,32473685325.7284,32611362260.6825,34556902782.7071,35932698796.5293,34126940693.7172,36386050556.0323,..
Germany,DEU,Subsidies and other transfers (% of expense),GC.XPN.TRFT.ZS,81.0857870266292,81.2364464599717,81.1907256463655,81.0616647397184,80.5769005455236,79.6499127768086,80.4172193892673,77.886614310537,80.4717555855794,80.5400496473705,81.1083823618834,81.5114974693696,82.4119408045375,82.4564368033942,..
Germany,DEU,Subsidies and other transfers (current LCU),GC.XPN.TRFT.CN,566278000000,558542000000,566475000000,564404000000,563940000000,573473000000,610464000000,625301000000,624798000000,628781000000,653590000000,672866000000,700054000000,722198000000,..
Japan,JPN,Compensation of employees (% of expense),GC.XPN.COMP.ZS,6.83431352666802,7.06864062582113,6.98687236369707,7.07056593228148,7.4292917565102,6.91526282394341,6.03224463745595,6.10758922982027,5.8865696816361,5.6966202139345,5.5582823282377,6.09667299911857,6.18622015569133,6.23247165314101,..
Japan,JPN,Compensation of employees (current LCU),GC.XPN.COMP.CN,5627900000000,5649300000000,5608600000000,5616900000000,5598900000000,5569200000000,5434600000000,5317200000000,5444400000000,5170600000000,5130000000000,5568000000000,5643800000000,5684600000000,..
Japan,JPN,Expense (% of GDP),GC.XPN.TOTL.GD.ZS,15.9774133019222,15.3408652474809,15.3154696672294,15.077559450478,14.1741908133376,15.4661939326969,18.4049675077273,17.3994646589144,18.8211030130736,18.3381714620981,18.3424434730142,17.7724781853988,17.1492923307351,16.9393836854146,..
Japan,JPN,Expense (current LCU),GC.XPN.TOTL.CN,82347700000000,79920600000000,80273400000000,79440600000000,75362500000000,80534900000000,90092500000000,87058900000000,92488500000000,90766100000000,92294700000000,91328500000000,91231800000000,91209400000000,..
Japan,JPN,Goods and services expense (% of expense),GC.XPN.GSRV.ZS,5.65516705384607,5.29888414251144,5.50418943261404,5.42354916755412,5.87453972466412,5.26579160090843,5.19155312595388,4.89852272427058,4.55245787314098,4.8431077241393,5.44429961850464,5.63559020459112,5.39713126344104,5.55512918624615,..
Japan,JPN,Goods and services expense (current LCU),GC.XPN.GSRV.CN,4656900000000,4234900000000,4418400000000,4308500000000,4427200000000,4240800000000,4677200000000,4264600000000,4210500000000,4395900000000,5024800000000,5146900000000,4923900000000,5066800000000,..
Japan,JPN,Interest payments (% of expense),GC.XPN.INTP.ZS,10.1146722980727,9.9095852633739,9.4210535494946,10.2932253784589,11.5224415325925,10.8675865991018,9.26936204456531,9.68895770564526,9.22374133000319,9.32804207738352,9.25881984555993,9.44163103521902,9.47915091009933,9.3063872802584,..
Japan,JPN,Interest payments (% of revenue),GC.XPN.INTP.RV.ZS,15.7876779838355,14.2739734915526,12.3657162291646,12.7944547453079,13.8778171636424,15.9323255712351,17.3175344442878,16.7199544889622,16.336117010174,15.5403904783056,14.4409200522519,13.2105765503802,12.6780839791122,12.6572784234432,..
Japan,JPN,Interest payments (current LCU),GC.XPN.INTP.CN,8329200000000,7919800000000,7562600000000,8177000000000,8683600000000,8752200000000,8351000000000,8435100000000,8530900000000,8466700000000,8545400000000,8622900000000,8648000000000,8488300000000,..
Japan,JPN,Other expense (% of expense),GC.XPN.OTHR.ZS,13.0148140142348,11.5358243056233,11.5107868858177,11.6273039226793,12.0209653342179,15.8571004620357,13.1953270250021,11.5482736400299,11.8625558853263,11.4276144948389,11.0744170575342,10.0530502526594,10.1905256719696,9.92880119812212,..
Japan,JPN,Other expense (current LCU),GC.XPN.OTHR.CN,10717400000000,9219500000000,9240100000000,9236800000000,9059300000000,12770500000000,11888000000000,10053800000000,10971500000000,10372400000000,10221100000000,9181300000000,9297000000000,9056000000000,..
Japan,JPN,Subsidies and other transfers (% of expense),GC.XPN.TRFT.ZS,64.3810331071785,66.1869405384845,66.5769731941091,65.5854814792436,63.1527616520153,61.0940101744709,66.3115131670228,67.756656700234,68.4746752298935,68.7047256629953,68.6642894987469,68.7730555084119,68.7470816097019,68.9771010444099,..
Japan,JPN,Subsidies and other transfers (current LCU),GC.XPN.TRFT.CN,53016300000000,52897000000000,53443600000000,52101500000000,47593500000000,49202000000000,59741700000000,58988200000000,63331200000000,62360600000000,63373500000000,62809400000000,62719200000000,62913600000000,..
China,CHN,Compensation of employees (% of expense),GC.XPN.COMP.ZS,..,..,..,..,..,..,..,..,..,..,..,..,..,..,..
China,CHN,Compensation of employees (current LCU),GC.XPN.COMP.CN,..,..,..,..,..,..,..,..,..,..,..,..,..,..,..
China,CHN,Expense (% of GDP),GC.XPN.TOTL.GD.ZS,..,..,..,..,..,..,..,..,..,..,12.0306409374643,16.2283585482301,16.4252218844375,..,..
China,CHN,Expense (current LCU),GC.XPN.TOTL.CN,..,..,..,..,..,..,..,..,..,..,7161171820000,10450641750000,11317833513363,..,..
China,CHN,Goods and services expense (% of expense),GC.XPN.GSRV.ZS,..,..,..,..,..,..,..,..,..,..,..,..,..,..,..
China,CHN,Goods and services expense (current LCU),GC.XPN.GSRV.CN,..,..,..,..,..,..,..,..,..,..,..,..,..,..,..
China,CHN,Interest payments (% of expense),GC.XPN.INTP.ZS,..,..,..,..,..,..,..,..,..,..,3.23327823741562,2.49133284087554,3.16173532308544,..,..
China,CHN,Interest payments (% of revenue),GC.XPN.INTP.RV.ZS,..,..,..,..,..,3.43066332280543,3.24870806618044,3.25995431737838,3.31877780221327,3.43446314687576,3.5640025905739,2.55756756730206,3.23796955299514,..,..
China,CHN,Interest payments (current LCU),GC.XPN.INTP.CN,..,..,..,..,..,127000000000,132070250000,150888430000,181996000000,206041000000,231540610000,260360270000,357839940000,..,..
China,CHN,Other expense (% of expense),GC.XPN.OTHR.ZS,..,..,..,..,..,..,..,..,..,..,..,..,..,..,..
China,CHN,Other expense (current LCU),GC.XPN.OTHR.CN,..,..,..,..,..,..,..,..,..,..,..,..,..,..,..
China,CHN,Subsidies and other transfers (% of expense),GC.XPN.TRFT.ZS,..,..,..,..,..,..,..,..,..,..,..,..,..,..,..
China,CHN,Subsidies and other transfers (current LCU),GC.XPN.TRFT.CN,..,..,..,..,..,..,..,..,..,..,..,..,..,..,..
Mexico,MEX,Compensation of employees (% of expense),GC.XPN.COMP.ZS,..,..,..,..,..,12.8888373255283,12.5818454516508,12.3062334593681,12.0404980366475,11.9732452940634,12.024212992959,11.8018345860068,12.0860032854407,11.6916010294732,..
Mexico,MEX,Compensation of employees (current LCU),GC.XPN.COMP.CN,..,..,..,..,..,351963178444.51,330085900148.97,352068232439.8,383748099545.95,414268030699.03,421803270412.73,449460417754.62,484988373029.95,493372507487.06,..
Mexico,MEX,Expense (% of GDP),GC.XPN.TOTL.GD.ZS,..,..,..,..,..,22.1045328233348,21.5700118151262,21.4036570594999,21.7321483828377,21.8738230943691,21.5513226653899,21.7977945820917,21.6481185366915,20.9948933817432,..
Mexico,MEX,Expense (current LCU),GC.XPN.TOTL.CN,..,..,..,..,..,2730759722968.91,2623509416145.8,2860893494359.87,3187144737517.84,3459947746200.73,3507949091218.9,3808394487137.94,4012810203470.56,4219888330463.25,..
Mexico,MEX,Goods and services expense (% of expense),GC.XPN.GSRV.ZS,..,..,..,..,..,5.98839164959999,7.28851908793505,6.99273777977927,6.92359019254,7.04969777634899,6.93585875543875,7.03794403120224,7.59188130944093,7.22011232068368,..
Mexico,MEX,Goods and services expense (current LCU),GC.XPN.GSRV.CN,..,..,..,..,..,163528587220.91,191214984569.56,200054780219.35,220664840468.84,243915859326.75,243306394179.64,268032672492.16,304647787820.62,304680677266.87,..
Mexico,MEX,Interest payments (% of expense),GC.XPN.INTP.ZS,..,..,..,..,..,11.0957743591796,11.4551176989766,10.9808598734044,10.1107158294559,10.2794816169468,10.4733380731094,10.5750010754638,9.97537667081422,11.0357176857622,..
Mexico,MEX,Interest payments (% of revenue),GC.XPN.INTP.RV.ZS,..,..,..,..,..,11.8794473272796,13.9567108303927,12.9979322005735,11.6152152231098,11.9920799127085,12.003038170891,12.5492706480249,11.3294576405841,11.6843206985179,..
Mexico,MEX,Interest payments (current LCU),GC.XPN.INTP.CN,..,..,..,..,..,302998937151.988,300526091463.234,314150705743,322243147483.886,355664692526.67,367399367755.923,402737757972.741,400292932881.055,465694962804.35,..
Mexico,MEX,Other expense (% of expense),GC.XPN.OTHR.ZS,..,..,..,..,..,14.6789745454316,7.14960363479442,8.28408389921649,9.84014308452565,12.4835526358113,8.16151143536839,7.10585659702047,5.89506778217988,5.79696058395857,..
Mexico,MEX,Other expense (current LCU),GC.XPN.OTHR.CN,..,..,..,..,..,400847524631.504,187570524575.934,236998817339.998,313619602482.685,431924398068.536,286301666226.732,270619050904.855,236557881464.82,244625263204.022,..
Mexico,MEX,Subsidies and other transfers (% of expense),GC.XPN.TRFT.ZS,..,..,..,..,..,55.3480221202606,61.5249141266431,61.4360849882316,61.085052856831,58.2140226768294,62.4050787431246,63.4793637103066,64.4516709521242,64.2556083801224,..
Mexico,MEX,Subsidies and other transfers (current LCU),GC.XPN.TRFT.CN,..,..,..,..,..,1511421495520,1614111915388.1,1757620958617.72,1946869047536.48,2014174765579.74,2189138392643.88,2417544588013.56,2586323228274.11,2711514919700.95,..
,,,,,,,,,,,,,,,,,,
,,,,,,,,,,,,,,,,,,
,,,,,,,,,,,,,,,,,,
Data from database: World Development Indicators,,,,,,,,,,,,,,,,,,
Last Updated: 09/21/2018,,,,,,,,,,,,,,,,,,
