﻿Code,Indicator Name,Long definition,Source
GC.XPN.TOTL.GD.ZS,Expense (% of GDP),"Expense is cash payments for operating activities of the government in providing goods and services. It includes compensation of employees (such as wages and salaries), interest and subsidies, grants, social benefits, and other expenses such as rent and dividends.","International Monetary Fund, Government Finance Statistics Yearbook and data files, and World Bank and OECD GDP estimates."
BN.GSR.GNFS.CD,"Net trade in goods and services (BoP, current US$)",Net trade in goods and services is derived by offsetting imports of goods and services against exports of goods and services. Exports and imports of goods and services comprise all transactions involving a change of ownership of goods and services between residents of one country and the rest of the world. Data are in current U.S. dollars.,"International Monetary Fund, Balance of Payments Statistics Yearbook and data files."
NY.GDP.MKTP.CD,GDP (current US$),"GDP at purchaser's prices is the sum of gross value added by all resident producers in the economy plus any product taxes and minus any subsidies not included in the value of the products. It is calculated without making deductions for depreciation of fabricated assets or for depletion and degradation of natural resources. Data are in current U.S. dollars. Dollar figures for GDP are converted from domestic currencies using single year official exchange rates. For a few countries where the official exchange rate does not reflect the rate effectively applied to actual foreign exchange transactions, an alternative conversion factor is used.","World Bank national accounts data, and OECD National Accounts data files."
NY.GDP.DEFL.KD.ZG,"Inflation, GDP deflator (annual %)",Inflation as measured by the annual growth rate of the GDP implicit deflator shows the rate of price change in the economy as a whole. The GDP implicit deflator is the ratio of GDP in current local currency to GDP in constant local currency.,"World Bank national accounts data, and OECD National Accounts data files."
